name,sequence
pVS1_long,ATGAACAAGAGCGCCGCCGCTGGCCTGCTGGGCTATGCCCGCGTCAGCACCGACGACCAGGACTTGACCAACCAACGGGCCGAACTGCACGCGGCCGGCTGCACCAAGCTGTTTTCCGAGAAGATCACCGGCACCAGGCGCGACCGCCCG
pVS1_short,CGTGCGGCTGCATGAAATCCTGGCCGGTTTGTCTGATGCCAAGCTGGCGGCCTGGCCGGCCAGCTTGGCCGCTGAAGAAACCGAGCGCCGCCGTCTAAAAAGGTGATGTGTATTTGAGTAAAACAGCTTGCGTCATGCGGTCGCTGCGTA
pRNAiGG,TGGCGCCGGCCAGCGAGACGAGCAAGATTGGCCGCCGCCCGAAACGATCCGACAGCGCGCCCAGCACAGGTGCGCAGGCAAATTGCACCAACGCATACAGCGCCAGCAGAATGCCATAGTGGGCGGTGACGTCGTTCGAGTGAACCAGAT
RK2,CGCTGGCTGCTGAACCCCCAGCCGGAACTGACCCCACAAGGCCCTAGCGTTTGCAATGCACCAGGTCATCATTGACCCAGGCGTGTTCCACCAGGCCGCTGCCTCGCAACTCTTCGCAGGCTTCGCCGACCTGCTCGCGCCACTTCTTCA
pL0V,GACGAAAGGGCCTCGTGATACGCCTATTTTTATAGGTTAATGTCATGATAATAATGGTTTCTTAGACGTCAGGTGGCACTTTTCGGGGAAATGTGCGCGGAACCCCTATTTGTTTATTTTTCTAAATACATTCAAATATGTATCCGCTCA
pL0V_uni,AGGCACGAACCCAGTGGACATAAGCCTGTTCGGTTCGTAAGCTGTAATGCAAGTAGCGTATGCGCTCACGCAACTGGTCCAGAACCTTGACCGAACGCAGCGGTGGTAACGGCGCAGTGGCGGTTTTCATGGCTTGTTATGACTGTTTTT
pSEVA23,GGGTCCCCAATAATTACGATTTAAATTTGTGTCTCAAAATCTCTGATGTTACATTGCACAAGATAAAAATATATCATCATGAACAATAAAACTGTCTGCTTACATAAACAGTAATACAAGGGGTGTTATGAGCCATATTCAGCGTGAAAC
pSEVA69,GGGTCCCCAATAATTACGATTTAAATTTGACATAAGCCTGTTCGGTTCGTAAACTGTAATGCAAGTAGCGTATGCGCTCACGCAACTGGTCCAGAACCTTGACCGAACGCAGCGGTGGTAACGGCGCAGTGGCGGTTTTCATGGCTTGTT
pK18,GCTTCACGCTGCCGCAAGCACTCAGGGCGCAAGGGCTGCTAAAGGAAGCGGAACACGTAGAAAGCCAGTCCGCAGAAACGGTGCTGACCCCGGATGAATGTCAGCTACTGGGCTATCTGGACAAGGGAAAACGCAAGCGCAAAGAGAAAG
pET28,ACGCGCCCTGTAGCGGCGCATTAAGCGCGGCGGGTGTGGTGGTTACGCGCAGCGTGACCGCTACACTTGCCAGCGCCCTAGCGCCCGCTCCTTTCGCTTTCTTCCCTTCCTTTCTCGCCACGTTCGCCGGCTTTCCCCGTCAAGCTCTAA
pUAP1,TCGCGTTATGCAGGCTTCCTCGCTCACTGACTCGCTGCGCTCGGTCGTTCGGCTGCGGCGAGCGGTATCAGCTCACTCAAAGGCGGTAATACGGTTATCCACAGAATCAGGGGATAACGCAGGAAAGAACATGTGAGCAAAAGGCCAGCA